{
"lengthUnit": "mil",
"remark": [],
"components": {
	"fields": ["COMPONENT_NO", "COMPONENT_NAME", "LAYER", "X_COORDINATE", "Y_COORDINATE", "ANGLE"],
	"rows": [
		[1, "D1", "T", 844.2906, -1715, 0],
		[2, "D2", "T", 1631.6922, -1715, 0],
		[3, "D3", "T", 2419.0938, -1715, 0],
		[4, "D4", "T", 3206.4954, -1715, 0],
		[5, "K1", "T", 2413.7008, -1245, 0],
		[6, "K2", "T", 3201.1024, -1245, 0],
		[7, "K3", "T", 1626.2992, -1245, 0],
		[8, "K4", "T", 838.8976, -1245, 0],
		[9, "OLED1", "T", 1395, -130, 0],
		[10, "RSW1", "T", 3215, -375, 0],
		[11, "U1", "T", 850, -415, 0],
		[12, "PAD1", "T", 913.1881, -1749.4488, 0],
		[13, "PAD2", "T", 913.1881, -1680.5512, 0],
		[14, "PAD3", "T", 775.3931, -1749.4488, 0],
		[15, "PAD4", "T", 775.3931, -1680.5512, 0],
		[16, "PAD5", "T", 1700.5897, -1749.4488, 0],
		[17, "PAD6", "T", 1700.5897, -1680.5512, 0],
		[18, "PAD7", "T", 1562.7947, -1749.4488, 0],
		[19, "PAD8", "T", 1562.7947, -1680.5512, 0],
		[20, "PAD9", "T", 2487.9913, -1749.4488, 0],
		[21, "PAD10", "T", 2487.9913, -1680.5512, 0],
		[22, "PAD11", "T", 2350.1963, -1749.4488, 0],
		[23, "PAD12", "T", 2350.1963, -1680.5512, 0],
		[24, "PAD13", "T", 3275.3929, -1749.4488, 0],
		[25, "PAD14", "T", 3275.3929, -1680.5512, 0],
		[26, "PAD15", "T", 3137.5979, -1749.4488, 0],
		[27, "PAD16", "T", 1495, -529.995, 0],
		[28, "PAD16", "B", 1495, -529.995, 0],
		[29, "PAD17", "T", 1495, -429.995, 0],
		[30, "PAD17", "B", 1495, -429.995, 0],
		[31, "PAD18", "T", 1495, -329.995, 0],
		[32, "PAD18", "B", 1495, -329.995, 0],
		[33, "PAD19", "T", 1495, -229.995, 0],
		[34, "PAD19", "B", 1495, -229.995, 0],
		[35, "PAD20", "T", 3116.5748, -650.5906, 0],
		[36, "PAD20", "B", 3116.5748, -650.5906, 0],
		[37, "PAD21", "T", 3215, -650.5906, 0],
		[38, "PAD21", "B", 3215, -650.5906, 0],
		[39, "PAD22", "T", 3313.4252, -650.5906, 0],
		[40, "PAD22", "B", 3313.4252, -650.5906, 0],
		[41, "PAD23", "T", 3313.4252, -119.0945, 0],
		[42, "PAD23", "B", 3313.4252, -119.0945, 0],
		[43, "PAD24", "T", 3116.5748, -119.0945, 0],
		[44, "PAD24", "B", 3116.5748, -119.0945, 0],
		[45, "PAD25", "T", 517.126, -115, 0],
		[46, "PAD26", "T", 550, -115, 0],
		[47, "PAD26", "B", 550, -115, 0],
		[48, "PAD27", "T", 517.126, -215, 0],
		[49, "PAD28", "T", 550, -215, 0],
		[50, "PAD28", "B", 550, -215, 0],
		[51, "PAD29", "T", 517.126, -315, 0],
		[52, "PAD30", "T", 550, -315, 0],
		[53, "PAD30", "B", 550, -315, 0],
		[54, "PAD31", "T", 517.126, -515, 0],
		[55, "PAD32", "T", 550, -515, 0],
		[56, "PAD32", "B", 550, -515, 0],
		[57, "PAD33", "T", 517.126, -615, 0],
		[58, "PAD34", "T", 550, -615, 0],
		[59, "PAD34", "B", 550, -615, 0],
		[60, "PAD35", "T", 517.126, -715, 0],
		[61, "PAD36", "T", 550, -715, 0],
		[62, "PAD36", "B", 550, -715, 0],
		[63, "PAD37", "T", 1150, -715, 0],
		[64, "PAD37", "B", 1150, -715, 0],
		[65, "PAD38", "T", 1182.874, -715, 0],
		[66, "PAD39", "T", 1150, -615, 0],
		[67, "PAD39", "B", 1150, -615, 0],
		[68, "PAD40", "T", 1182.874, -615, 0],
		[69, "PAD41", "T", 1150, -515, 0],
		[70, "PAD41", "B", 1150, -515, 0],
		[71, "PAD42", "T", 1182.874, -515, 0],
		[72, "PAD43", "T", 1150, -415, 0],
		[73, "PAD43", "B", 1150, -415, 0],
		[74, "PAD44", "T", 1182.874, -415, 0],
		[75, "PAD45", "T", 1150, -315, 0],
		[76, "PAD45", "B", 1150, -315, 0],
		[77, "PAD46", "T", 1182.874, -315, 0],
		[78, "PAD47", "T", 1150, -215, 0],
		[79, "PAD47", "B", 1150, -215, 0],
		[80, "PAD48", "T", 1182.874, -215, 0],
		[81, "PAD49", "T", 1150, -115, 0],
		[82, "PAD49", "B", 1150, -115, 0],
		[83, "PAD50", "T", 1182.874, -115, 0],
		[84, "PAD51", "T", 2508.7008, -1040, 0],
		[85, "PAD51", "B", 2508.7008, -1040, 0],
		[86, "PAD52", "T", 2258.7008, -1140, 0],
		[87, "PAD52", "B", 2258.7008, -1140, 0],
		[88, "PAD53", "T", 3296.1024, -1040, 0],
		[89, "PAD53", "B", 3296.1024, -1040, 0],
		[90, "PAD54", "T", 3046.1024, -1140, 0],
		[91, "PAD54", "B", 3046.1024, -1140, 0],
		[92, "PAD55", "T", 1721.2992, -1040, 0],
		[93, "PAD55", "B", 1721.2992, -1040, 0],
		[94, "PAD56", "T", 1471.2992, -1140, 0],
		[95, "PAD56", "B", 1471.2992, -1140, 0],
		[96, "PAD57", "T", 933.8976, -1040, 0],
		[97, "PAD57", "B", 933.8976, -1040, 0],
		[98, "PAD58", "T", 683.8976, -1140, 0],
		[99, "PAD58", "B", 683.8976, -1140, 0]
	]
},
"pins": {
	"fields": ["PIN_NO", "PIN_NAME", "PIN_X", "PIN_Y", "LAYER", "PIN_TYPE", "NET_NAME", "NET_TYPE", "PAD_SHAPE", "PAD_SIZEX", "PAD_SIZEY", "HOLE_SIZE", "HOLE_LEN", "PAD_ANGLE"],
	"rows": [
		[1, "D1_1", 775.3931, -1680.5512, "T", "SMD", "$1N750", "", "R", 62.992, 33.4645, 0, 0, 0],
		[2, "D1_2", 775.3931, -1749.4488, "T", "SMD", "GND", "GND", "R", 62.992, 33.4645, 0, 0, 0],
		[3, "D1_3", 913.1881, -1749.4488, "T", "SMD", "NET17", "", "R", 62.992, 33.4645, 0, 0, 0],
		[4, "D1_4", 913.1881, -1680.5512, "T", "SMD", "+5V", "", "R", 62.992, 33.4645, 0, 0, 0],
		[5, "D2_1", 1562.7947, -1680.5512, "T", "SMD", "$1N754", "", "R", 62.992, 33.4645, 0, 0, 0],
		[6, "D2_2", 1562.7947, -1749.4488, "T", "SMD", "GND", "GND", "R", 62.992, 33.4645, 0, 0, 0],
		[7, "D2_3", 1700.5897, -1749.4488, "T", "SMD", "$1N750", "", "R", 62.992, 33.4645, 0, 0, 0],
		[8, "D2_4", 1700.5897, -1680.5512, "T", "SMD", "+5V", "", "R", 62.992, 33.4645, 0, 0, 0],
		[9, "D3_1", 2350.1963, -1680.5512, "T", "SMD", "$1N759", "", "R", 62.992, 33.4645, 0, 0, 0],
		[10, "D3_2", 2350.1963, -1749.4488, "T", "SMD", "GND", "GND", "R", 62.992, 33.4645, 0, 0, 0],
		[11, "D3_3", 2487.9913, -1749.4488, "T", "SMD", "$1N754", "", "R", 62.992, 33.4645, 0, 0, 0],
		[12, "D3_4", 2487.9913, -1680.5512, "T", "SMD", "+5V", "", "R", 62.992, 33.4645, 0, 0, 0],
		[13, "D4_1", 3137.5979, -1680.5512, "T", "SMD", "NET_1", "", "R", 62.992, 33.4645, 0, 0, 0],
		[14, "D4_2", 3137.5979, -1749.4488, "T", "SMD", "GND", "GND", "R", 62.992, 33.4645, 0, 0, 0],
		[15, "D4_3", 3275.3929, -1749.4488, "T", "SMD", "$1N759", "", "R", 62.992, 33.4645, 0, 0, 0],
		[16, "D4_4", 3275.3929, -1680.5512, "T", "SMD", "+5V", "", "R", 62.992, 33.4645, 0, 0, 0],
		[17, "K1_1", 2508.7008, -1040, "T", "DIP", "GND", "GND", "C", 118.11, 118.11, 59.056, 59.056, 0],
		[18, "K1_1", 2508.7008, -1040, "B", "DIP", "GND", "GND", "C", 118.11, 118.11, 59.056, 59.056, 0],
		[19, "K1_2", 2258.7008, -1140, "T", "DIP", "NET1", "", "C", 118.11, 118.11, 59.056, 59.056, 0],
		[20, "K1_2", 2258.7008, -1140, "B", "DIP", "NET1", "", "C", 118.11, 118.11, 59.056, 59.056, 0],
		[21, "K2_1", 3296.1024, -1040, "T", "DIP", "GND", "GND", "C", 118.11, 118.11, 59.056, 59.056, 0],
		[22, "K2_1", 3296.1024, -1040, "B", "DIP", "GND", "GND", "C", 118.11, 118.11, 59.056, 59.056, 0],
		[23, "K2_2", 3046.1024, -1140, "T", "DIP", "NET2", "", "C", 118.11, 118.11, 59.056, 59.056, 0],
		[24, "K2_2", 3046.1024, -1140, "B", "DIP", "NET2", "", "C", 118.11, 118.11, 59.056, 59.056, 0],
		[25, "K3_1", 1721.2992, -1040, "T", "DIP", "GND", "GND", "C", 118.11, 118.11, 59.056, 59.056, 0],
		[26, "K3_1", 1721.2992, -1040, "B", "DIP", "GND", "GND", "C", 118.11, 118.11, 59.056, 59.056, 0],
		[27, "K3_2", 1471.2992, -1140, "T", "DIP", "NET3", "", "C", 118.11, 118.11, 59.056, 59.056, 0],
		[28, "K3_2", 1471.2992, -1140, "B", "DIP", "NET3", "", "C", 118.11, 118.11, 59.056, 59.056, 0],
		[29, "K4_1", 933.8976, -1040, "T", "DIP", "GND", "GND", "C", 118.11, 118.11, 59.056, 59.056, 0],
		[30, "K4_1", 933.8976, -1040, "B", "DIP", "GND", "GND", "C", 118.11, 118.11, 59.056, 59.056, 0],
		[31, "K4_2", 683.8976, -1140, "T", "DIP", "NET4", "", "C", 118.11, 118.11, 59.056, 59.056, 0],
		[32, "K4_2", 683.8976, -1140, "B", "DIP", "NET4", "", "C", 118.11, 118.11, 59.056, 59.056, 0],
		[33, "OLED1_1", 1495, -229.995, "T", "DIP", "NET7", "", "C", 60, 60, 36, 36, 0],
		[34, "OLED1_1", 1495, -229.995, "B", "DIP", "NET7", "", "C", 60, 60, 36, 36, 0],
		[35, "OLED1_2", 1495, -329.995, "T", "DIP", "NET8", "", "C", 60, 60, 36, 36, 0],
		[36, "OLED1_2", 1495, -329.995, "B", "DIP", "NET8", "", "C", 60, 60, 36, 36, 0],
		[37, "OLED1_3", 1495, -429.995, "T", "DIP", "VCC", "", "C", 60, 60, 36, 36, 0],
		[38, "OLED1_3", 1495, -429.995, "B", "DIP", "VCC", "", "C", 60, 60, 36, 36, 0],
		[39, "OLED1_4", 1495, -529.995, "T", "DIP", "GND", "GND", "C", 60, 60, 36, 36, 0],
		[40, "OLED1_4", 1495, -529.995, "B", "DIP", "GND", "GND", "C", 60, 60, 36, 36, 0],
		[41, "RSW1_A", 3116.5748, -650.5906, "T", "DIP", "NET11", "", "O", 78.7402, 118.1102, 47.244, 47.244, 0],
		[42, "RSW1_A", 3116.5748, -650.5906, "B", "DIP", "NET11", "", "O", 78.7402, 118.1102, 47.244, 47.244, 0],
		[43, "RSW1_B", 3313.4252, -650.5906, "T", "DIP", "NET13", "", "O", 78.7402, 118.1102, 47.244, 47.244, 0],
		[44, "RSW1_B", 3313.4252, -650.5906, "B", "DIP", "NET13", "", "O", 78.7402, 118.1102, 47.244, 47.244, 0],
		[45, "RSW1_C", 3215, -650.5906, "T", "DIP", "GND", "GND", "O", 78.7402, 118.1102, 47.244, 47.244, 0],
		[46, "RSW1_C", 3215, -650.5906, "B", "DIP", "GND", "GND", "O", 78.7402, 118.1102, 47.244, 47.244, 0],
		[47, "RSW1_D", 3116.5748, -119.0945, "T", "DIP", "GND", "GND", "O", 78.7402, 118.1102, 47.244, 47.244, 0],
		[48, "RSW1_D", 3116.5748, -119.0945, "B", "DIP", "GND", "GND", "O", 78.7402, 118.1102, 47.244, 47.244, 0],
		[49, "RSW1_E", 3313.4252, -119.0945, "T", "DIP", "NET15", "", "O", 78.7402, 118.1102, 47.244, 47.244, 0],
		[50, "RSW1_E", 3313.4252, -119.0945, "B", "DIP", "NET15", "", "O", 78.7402, 118.1102, 47.244, 47.244, 0],
		[51, "RSW1_F", 3392.1654, -375, "T", "DIP", "NET_2", "", "O", 98.4252, 157.4803, 78.7402, 90.5512, 180],
		[52, "RSW1_F", 3392.1654, -375, "B", "DIP", "NET_2", "", "O", 98.4252, 157.4803, 78.7402, 90.5512, 180],
		[53, "RSW1_G", 3037.8346, -375, "T", "DIP", "NET_3", "", "O", 98.4252, 157.4803, 78.7402, 90.5512, 180],
		[54, "RSW1_G", 3037.8346, -375, "B", "DIP", "NET_3", "", "O", 98.4252, 157.4803, 78.7402, 90.5512, 180],
		[55, "U1_1", 517.126, -115, "T", "SMD", "NET11", "", "R", 95.748, 60, 0, 0, 180],
		[56, "U1_1", 550, -115, "T", "DIP", "NET11", "", "C", 60, 60, 35, 35, 180],
		[57, "U1_1", 550, -115, "B", "DIP", "NET11", "", "C", 60, 60, 35, 35, 180],
		[58, "U1_2", 517.126, -215, "T", "SMD", "NET13", "", "R", 95.748, 60, 0, 0, 180],
		[59, "U1_2", 550, -215, "T", "DIP", "NET13", "", "C", 60, 60, 35, 35, 180],
		[60, "U1_2", 550, -215, "B", "DIP", "NET13", "", "C", 60, 60, 35, 35, 180],
		[61, "U1_3", 517.126, -315, "T", "SMD", "NET15", "", "R", 95.748, 60, 0, 0, 180],
		[62, "U1_3", 550, -315, "T", "DIP", "NET15", "", "C", 60, 60, 35, 35, 180],
		[63, "U1_3", 550, -315, "B", "DIP", "NET15", "", "C", 60, 60, 35, 35, 180],
		[64, "U1_4", 517.126, -415, "T", "SMD", "NET_4", "", "R", 95.748, 60, 0, 0, 180],
		[65, "U1_4", 550, -415, "T", "DIP", "NET_5", "", "C", 60, 60, 35, 35, 180],
		[66, "U1_4", 550, -415, "B", "DIP", "NET_5", "", "C", 60, 60, 35, 35, 180],
		[67, "U1_5", 517.126, -515, "T", "SMD", "NET7", "", "R", 95.748, 60, 0, 0, 180],
		[68, "U1_5", 550, -515, "T", "DIP", "NET7", "", "C", 60, 60, 35, 35, 180],
		[69, "U1_5", 550, -515, "B", "DIP", "NET7", "", "C", 60, 60, 35, 35, 180],
		[70, "U1_6", 517.126, -615, "T", "SMD", "NET8", "", "R", 95.748, 60, 0, 0, 180],
		[71, "U1_6", 550, -615, "T", "DIP", "NET8", "", "C", 60, 60, 35, 35, 180],
		[72, "U1_6", 550, -615, "B", "DIP", "NET8", "", "C", 60, 60, 35, 35, 180],
		[73, "U1_7", 517.126, -715, "T", "SMD", "NET17", "", "R", 95.748, 60, 0, 0, 180],
		[74, "U1_7", 550, -715, "T", "DIP", "NET17", "", "C", 60, 60, 35, 35, 180],
		[75, "U1_7", 550, -715, "B", "DIP", "NET17", "", "C", 60, 60, 35, 35, 180],
		[76, "U1_8", 1150, -715, "T", "DIP", "NET1", "", "C", 60, 60, 35, 35, 0],
		[77, "U1_8", 1150, -715, "B", "DIP", "NET1", "", "C", 60, 60, 35, 35, 0],
		[78, "U1_8", 1182.874, -715, "T", "SMD", "NET1", "", "R", 95.748, 60, 0, 0, 0],
		[79, "U1_9", 1150, -615, "T", "DIP", "NET2", "", "C", 60, 60, 35, 35, 0],
		[80, "U1_9", 1150, -615, "B", "DIP", "NET2", "", "C", 60, 60, 35, 35, 0],
		[81, "U1_9", 1182.874, -615, "T", "SMD", "NET2", "", "R", 95.748, 60, 0, 0, 0],
		[82, "U1_10", 1150, -515, "T", "DIP", "NET3", "", "C", 60, 60, 35, 35, 0],
		[83, "U1_10", 1150, -515, "B", "DIP", "NET3", "", "C", 60, 60, 35, 35, 0],
		[84, "U1_10", 1182.874, -515, "T", "SMD", "NET3", "", "R", 95.748, 60, 0, 0, 0],
		[85, "U1_11", 1150, -415, "T", "DIP", "NET4", "", "C", 60, 60, 35, 35, 0],
		[86, "U1_11", 1150, -415, "B", "DIP", "NET4", "", "C", 60, 60, 35, 35, 0],
		[87, "U1_11", 1182.874, -415, "T", "SMD", "NET4", "", "R", 95.748, 60, 0, 0, 0],
		[88, "U1_12", 1150, -315, "T", "DIP", "VCC", "", "C", 60, 60, 35, 35, 0],
		[89, "U1_12", 1150, -315, "B", "DIP", "VCC", "", "C", 60, 60, 35, 35, 0],
		[90, "U1_12", 1182.874, -315, "T", "SMD", "VCC", "", "R", 95.748, 60, 0, 0, 0],
		[91, "U1_13", 1150, -215, "T", "DIP", "GND", "GND", "C", 60, 60, 35, 35, 0],
		[92, "U1_13", 1150, -215, "B", "DIP", "GND", "GND", "C", 60, 60, 35, 35, 0],
		[93, "U1_13", 1182.874, -215, "T", "SMD", "GND", "GND", "R", 95.748, 60, 0, 0, 0],
		[94, "U1_14", 1150, -115, "T", "DIP", "+5V", "", "C", 60, 60, 35, 35, 0],
		[95, "U1_14", 1150, -115, "B", "DIP", "+5V", "", "C", 60, 60, 35, 35, 0],
		[96, "U1_14", 1182.874, -115, "T", "SMD", "+5V", "", "R", 95.748, 60, 0, 0, 0],
		[97, "PAD1_3", 913.1881, -1749.4488, "T", "SMD", "NET17", "", "R", 62.992, 33.4645, 0, 0, 0],
		[98, "PAD2_4", 913.1881, -1680.5512, "T", "SMD", "+5V", "", "R", 62.992, 33.4645, 0, 0, 0],
		[99, "PAD3_2", 775.3931, -1749.4488, "T", "SMD", "GND", "GND", "R", 62.992, 33.4645, 0, 0, 0],
		[100, "PAD4_1", 775.3931, -1680.5512, "T", "SMD", "$1N750", "", "R", 62.992, 33.4645, 0, 0, 0],
		[101, "PAD5_3", 1700.5897, -1749.4488, "T", "SMD", "$1N750", "", "R", 62.992, 33.4645, 0, 0, 0],
		[102, "PAD6_4", 1700.5897, -1680.5512, "T", "SMD", "+5V", "", "R", 62.992, 33.4645, 0, 0, 0],
		[103, "PAD7_2", 1562.7947, -1749.4488, "T", "SMD", "GND", "GND", "R", 62.992, 33.4645, 0, 0, 0],
		[104, "PAD8_1", 1562.7947, -1680.5512, "T", "SMD", "$1N754", "", "R", 62.992, 33.4645, 0, 0, 0],
		[105, "PAD9_3", 2487.9913, -1749.4488, "T", "SMD", "$1N754", "", "R", 62.992, 33.4645, 0, 0, 0],
		[106, "PAD10_4", 2487.9913, -1680.5512, "T", "SMD", "+5V", "", "R", 62.992, 33.4645, 0, 0, 0],
		[107, "PAD11_2", 2350.1963, -1749.4488, "T", "SMD", "GND", "GND", "R", 62.992, 33.4645, 0, 0, 0],
		[108, "PAD12_1", 2350.1963, -1680.5512, "T", "SMD", "$1N759", "", "R", 62.992, 33.4645, 0, 0, 0],
		[109, "PAD13_3", 3275.3929, -1749.4488, "T", "SMD", "$1N759", "", "R", 62.992, 33.4645, 0, 0, 0],
		[110, "PAD14_4", 3275.3929, -1680.5512, "T", "SMD", "+5V", "", "R", 62.992, 33.4645, 0, 0, 0],
		[111, "PAD15_2", 3137.5979, -1749.4488, "T", "SMD", "GND", "GND", "R", 62.992, 33.4645, 0, 0, 0],
		[112, "PAD16_4", 1495, -529.995, "T", "DIP", "GND", "GND", "C", 60, 60, 36, 36, 0],
		[113, "PAD16_4", 1495, -529.995, "B", "DIP", "GND", "GND", "C", 60, 60, 36, 36, 0],
		[114, "PAD17_3", 1495, -429.995, "T", "DIP", "VCC", "", "C", 60, 60, 36, 36, 0],
		[115, "PAD17_3", 1495, -429.995, "B", "DIP", "VCC", "", "C", 60, 60, 36, 36, 0],
		[116, "PAD18_2", 1495, -329.995, "T", "DIP", "NET8", "", "C", 60, 60, 36, 36, 0],
		[117, "PAD18_2", 1495, -329.995, "B", "DIP", "NET8", "", "C", 60, 60, 36, 36, 0],
		[118, "PAD19_1", 1495, -229.995, "T", "DIP", "NET7", "", "C", 60, 60, 36, 36, 0],
		[119, "PAD19_1", 1495, -229.995, "B", "DIP", "NET7", "", "C", 60, 60, 36, 36, 0],
		[120, "PAD20_A", 3116.5748, -650.5906, "T", "DIP", "NET11", "", "O", 78.7402, 118.1102, 47.244, 47.244, 0],
		[121, "PAD20_A", 3116.5748, -650.5906, "B", "DIP", "NET11", "", "O", 78.7402, 118.1102, 47.244, 47.244, 0],
		[122, "PAD21_C", 3215, -650.5906, "T", "DIP", "GND", "GND", "O", 78.7402, 118.1102, 47.244, 47.244, 0],
		[123, "PAD21_C", 3215, -650.5906, "B", "DIP", "GND", "GND", "O", 78.7402, 118.1102, 47.244, 47.244, 0],
		[124, "PAD22_B", 3313.4252, -650.5906, "T", "DIP", "NET13", "", "O", 78.7402, 118.1102, 47.244, 47.244, 0],
		[125, "PAD22_B", 3313.4252, -650.5906, "B", "DIP", "NET13", "", "O", 78.7402, 118.1102, 47.244, 47.244, 0],
		[126, "PAD23_E", 3313.4252, -119.0945, "T", "DIP", "NET15", "", "O", 78.7402, 118.1102, 47.244, 47.244, 0],
		[127, "PAD23_E", 3313.4252, -119.0945, "B", "DIP", "NET15", "", "O", 78.7402, 118.1102, 47.244, 47.244, 0],
		[128, "PAD24_D", 3116.5748, -119.0945, "T", "DIP", "GND", "GND", "O", 78.7402, 118.1102, 47.244, 47.244, 0],
		[129, "PAD24_D", 3116.5748, -119.0945, "B", "DIP", "GND", "GND", "O", 78.7402, 118.1102, 47.244, 47.244, 0],
		[130, "PAD25_1", 517.126, -115, "T", "SMD", "NET11", "", "R", 95.748, 60, 0, 0, 180],
		[131, "PAD26_1", 550, -115, "T", "DIP", "NET11", "", "C", 60, 60, 35, 35, 180],
		[132, "PAD26_1", 550, -115, "B", "DIP", "NET11", "", "C", 60, 60, 35, 35, 180],
		[133, "PAD27_2", 517.126, -215, "T", "SMD", "NET13", "", "R", 95.748, 60, 0, 0, 180],
		[134, "PAD28_2", 550, -215, "T", "DIP", "NET13", "", "C", 60, 60, 35, 35, 180],
		[135, "PAD28_2", 550, -215, "B", "DIP", "NET13", "", "C", 60, 60, 35, 35, 180],
		[136, "PAD29_3", 517.126, -315, "T", "SMD", "NET15", "", "R", 95.748, 60, 0, 0, 180],
		[137, "PAD30_3", 550, -315, "T", "DIP", "NET15", "", "C", 60, 60, 35, 35, 180],
		[138, "PAD30_3", 550, -315, "B", "DIP", "NET15", "", "C", 60, 60, 35, 35, 180],
		[139, "PAD31_5", 517.126, -515, "T", "SMD", "NET7", "", "R", 95.748, 60, 0, 0, 180],
		[140, "PAD32_5", 550, -515, "T", "DIP", "NET7", "", "C", 60, 60, 35, 35, 180],
		[141, "PAD32_5", 550, -515, "B", "DIP", "NET7", "", "C", 60, 60, 35, 35, 180],
		[142, "PAD33_6", 517.126, -615, "T", "SMD", "NET8", "", "R", 95.748, 60, 0, 0, 180],
		[143, "PAD34_6", 550, -615, "T", "DIP", "NET8", "", "C", 60, 60, 35, 35, 180],
		[144, "PAD34_6", 550, -615, "B", "DIP", "NET8", "", "C", 60, 60, 35, 35, 180],
		[145, "PAD35_7", 517.126, -715, "T", "SMD", "NET17", "", "R", 95.748, 60, 0, 0, 180],
		[146, "PAD36_7", 550, -715, "T", "DIP", "NET17", "", "C", 60, 60, 35, 35, 180],
		[147, "PAD36_7", 550, -715, "B", "DIP", "NET17", "", "C", 60, 60, 35, 35, 180],
		[148, "PAD37_8", 1150, -715, "T", "DIP", "NET1", "", "C", 60, 60, 35, 35, 0],
		[149, "PAD37_8", 1150, -715, "B", "DIP", "NET1", "", "C", 60, 60, 35, 35, 0],
		[150, "PAD38_8", 1182.874, -715, "T", "SMD", "NET1", "", "R", 95.748, 60, 0, 0, 0],
		[151, "PAD39_9", 1150, -615, "T", "DIP", "NET2", "", "C", 60, 60, 35, 35, 0],
		[152, "PAD39_9", 1150, -615, "B", "DIP", "NET2", "", "C", 60, 60, 35, 35, 0],
		[153, "PAD40_9", 1182.874, -615, "T", "SMD", "NET2", "", "R", 95.748, 60, 0, 0, 0],
		[154, "PAD41_10", 1150, -515, "T", "DIP", "NET3", "", "C", 60, 60, 35, 35, 0],
		[155, "PAD41_10", 1150, -515, "B", "DIP", "NET3", "", "C", 60, 60, 35, 35, 0],
		[156, "PAD42_10", 1182.874, -515, "T", "SMD", "NET3", "", "R", 95.748, 60, 0, 0, 0],
		[157, "PAD43_11", 1150, -415, "T", "DIP", "NET4", "", "C", 60, 60, 35, 35, 0],
		[158, "PAD43_11", 1150, -415, "B", "DIP", "NET4", "", "C", 60, 60, 35, 35, 0],
		[159, "PAD44_11", 1182.874, -415, "T", "SMD", "NET4", "", "R", 95.748, 60, 0, 0, 0],
		[160, "PAD45_12", 1150, -315, "T", "DIP", "VCC", "", "C", 60, 60, 35, 35, 0],
		[161, "PAD45_12", 1150, -315, "B", "DIP", "VCC", "", "C", 60, 60, 35, 35, 0],
		[162, "PAD46_12", 1182.874, -315, "T", "SMD", "VCC", "", "R", 95.748, 60, 0, 0, 0],
		[163, "PAD47_13", 1150, -215, "T", "DIP", "GND", "GND", "C", 60, 60, 35, 35, 0],
		[164, "PAD47_13", 1150, -215, "B", "DIP", "GND", "GND", "C", 60, 60, 35, 35, 0],
		[165, "PAD48_13", 1182.874, -215, "T", "SMD", "GND", "GND", "R", 95.748, 60, 0, 0, 0],
		[166, "PAD49_14", 1150, -115, "T", "DIP", "+5V", "", "C", 60, 60, 35, 35, 0],
		[167, "PAD49_14", 1150, -115, "B", "DIP", "+5V", "", "C", 60, 60, 35, 35, 0],
		[168, "PAD50_14", 1182.874, -115, "T", "SMD", "+5V", "", "R", 95.748, 60, 0, 0, 0],
		[169, "PAD51_1", 2508.7008, -1040, "T", "DIP", "GND", "GND", "C", 118.11, 118.11, 59.056, 59.056, 0],
		[170, "PAD51_1", 2508.7008, -1040, "B", "DIP", "GND", "GND", "C", 118.11, 118.11, 59.056, 59.056, 0],
		[171, "PAD52_2", 2258.7008, -1140, "T", "DIP", "NET1", "", "C", 118.11, 118.11, 59.056, 59.056, 0],
		[172, "PAD52_2", 2258.7008, -1140, "B", "DIP", "NET1", "", "C", 118.11, 118.11, 59.056, 59.056, 0],
		[173, "PAD53_1", 3296.1024, -1040, "T", "DIP", "GND", "GND", "C", 118.11, 118.11, 59.056, 59.056, 0],
		[174, "PAD53_1", 3296.1024, -1040, "B", "DIP", "GND", "GND", "C", 118.11, 118.11, 59.056, 59.056, 0],
		[175, "PAD54_2", 3046.1024, -1140, "T", "DIP", "NET2", "", "C", 118.11, 118.11, 59.056, 59.056, 0],
		[176, "PAD54_2", 3046.1024, -1140, "B", "DIP", "NET2", "", "C", 118.11, 118.11, 59.056, 59.056, 0],
		[177, "PAD55_1", 1721.2992, -1040, "T", "DIP", "GND", "GND", "C", 118.11, 118.11, 59.056, 59.056, 0],
		[178, "PAD55_1", 1721.2992, -1040, "B", "DIP", "GND", "GND", "C", 118.11, 118.11, 59.056, 59.056, 0],
		[179, "PAD56_2", 1471.2992, -1140, "T", "DIP", "NET3", "", "C", 118.11, 118.11, 59.056, 59.056, 0],
		[180, "PAD56_2", 1471.2992, -1140, "B", "DIP", "NET3", "", "C", 118.11, 118.11, 59.056, 59.056, 0],
		[181, "PAD57_1", 933.8976, -1040, "T", "DIP", "GND", "GND", "C", 118.11, 118.11, 59.056, 59.056, 0],
		[182, "PAD57_1", 933.8976, -1040, "B", "DIP", "GND", "GND", "C", 118.11, 118.11, 59.056, 59.056, 0],
		[183, "PAD58_2", 683.8976, -1140, "T", "DIP", "NET4", "", "C", 118.11, 118.11, 59.056, 59.056, 0],
		[184, "PAD58_2", 683.8976, -1140, "B", "DIP", "NET4", "", "C", 118.11, 118.11, 59.056, 59.056, 0]
	]
}
}